scholar_no,student_name,dob_figure,dob_words,gender,father_name,f_qualification,f_occupation,mother_name,m_qualification,m_occupation,address,mobile,sssm_id,family_id,aadhar_no,caste,category,religion,bank_name,account_no,ifsc_code,photo_path,total_standard_fees,discount_amount,final_payable_fees,payment_mode,student_class,section,remaining_balance
1405,"AMIT SHARMA",2015-05-10,"Ten May Two Thousand Fifteen",Male,"Vijay Sharma",Graduate,Business,"Suman Sharma",12th,Housewife,"Indore, MP",9826011111,11112222,33334444,123456789001,Brahmin,GEN,Hindu,SBI,10000001,SBIN0001,uploads/test.jpg,15000.00,1000.00,14000.00,Installment,1st,A,0.00
1406,"PRIYA PATEL",2016-08-15,"Fifteen Aug Two Thousand Sixteen",Female,"Rajesh Patel",B.Tech,Engineer,"Meena Patel",MA,Teacher,"Rau, Indore",9826022222,11112223,33334445,123456789002,Kurmi,OBC,Hindu,BOI,10000002,BKID0001,uploads/test.jpg,12000.00,0.00,12000.00,Full,Nursery,None,0.00
1407,"MOHIT VERMA",2014-02-20,"Twenty Feb Two Thousand Fourteen",Male,"Suresh Verma",10th,Farmer,"Kiran Verma",8th,Housewife,"Dewas Naka",9826033333,11112224,33334446,123456789003,Kori,SC,Hindu,PNB,10000003,PUNB0001,uploads/test.jpg,18000.00,2000.00,16000.00,Installment,5th,B,8000.00
1408,"SARA KHAN",2015-12-05,"Five Dec Two Thousand Fifteen",Female,"Irfan Khan",Graduate,Shopkeeper,"Salma Khan",12th,Housewife,Khajrana,9826044444,11112225,33334447,123456789004,Pathan,GEN,,HDFC,10000004,HDFC0001,uploads/test.jpg,20000.00,5000.00,15000.00,Full,1st,C,0.00
1409,"RAHUL GUPTA",2013-11-11,"Eleven Nov Two Thousand Thirteen",Male,"Alok Gupta",M.Com,CA,"Ritu Gupta",B.Com,Banker,"Vijay Nagar",9826055555,11112226,33334448,123456789005,Baniya,GEN,Hindu,ICICI,10000005,ICIC0001,uploads/test.jpg,25000.00,0.00,25000.00,Installment,10th,A,10000.00
1410,"ANITA BHEEL",2017-01-01,"One Jan Two Thousand Seventeen",Female,"Kalu Singh",5th,Labour,"Radha Bai",Uneducated,Labour,"Bicholi Mardana",9826066666,11112227,33334449,123456789006,Bheel,ST,Hindu,SBI,10000006,SBIN0001,uploads/test.jpg,10000.00,3000.00,7000.00,Installment,LKG,None,2000.00
1411,"GURPREET SINGH",2015-06-20,"Twenty June Two Thousand Fifteen",Male,"Jagjit Singh",Graduate,Transport,"Kaur Singh",12th,Housewife,"LIG Colony",9826077777,11112228,33334450,123456789007,Jatt,GEN,Sikh,Axis,10000007,UTIB0001,uploads/test.jpg,15000.00,1000.00,14000.00,Full,4th,B,0.00
1412,"SIMRAN JAIN",2016-03-12,"Twelve March Two Thousand Sixteen",Female,"Vikas Jain",MBA,Business,"Anju Jain",Graduate,Housewife,Palasia,9826088888,11112229,33334451,123456789008,Jain,GEN,Jain,SBI,10000008,SBIN0001,uploads/test.jpg,22000.00,2000.00,20000.00,Installment,6th,C,5000.00
1413,"AYUSH YADAV",2014-09-30,"Thirty Sep Two Thousand Fourteen",Male,"Deepak Yadav",BA,Police,"Sarla Yadav",12th,Housewife,Annapurna,9826099999,11112230,33334452,123456789009,Ahir,OBC,Hindu,SBI,10000009,SBIN0001,uploads/test.jpg,16000.00,0.00,16000.00,Full,9th,A,0.00
1414,"ROHIT MEENA",2015-04-25,"Twenty Five April Two Thousand Fifteen",Male,"Gopal Meena",10th,Driver,"Sita Meena",8th,Housewife,"Rajendra Nagar",9826000000,11112231,33334453,123456789010,Meena,ST,,PNB,10000010,PUNB0001,"uploads/1773836068_Screenshot 2026-02-27 163812.png",14000.00,1000.00,13000.00,Installment,1st,B,4000.00
1501,ganesh,2010-02-23,"twenty three feb two thouusand five",Male,PUKHH,10,employee,Renu,9NINETH,WORKER,"54 indore",9826771862,154564646,4564654646,213790286172,KUMHAR,OBC,Sikh,"IFIC ",32113121458,31321231313131,"uploads/1774002513_Screenshot 2026-02-27 163812.png",18000.00,0.00,18000.00,Installment,3rd,A,18000.00
C101,"Manish Pandey",2018-05-10,"Ten May 18",Male,Vijay,B.Tech,Engineer,Suman,B.A,HW,Indore,9000000061,4001,F61,444400004101,Gen,GEN,Hindu,SBI,40001,SBIN01,img.jpg,18000.00,0.00,18000.00,,1st,A,18000.00
C102,"Navita Singh",2018-06-12,"Twelve June 18",Female,Sunil,B.A,Business,Pooja,B.A,HW,Indore,9000000062,4002,F62,444400004102,Gen,GEN,Hindu,HDFC,40002,HDFC01,img.jpg,18000.00,0.00,18000.00,,1st,A,18000.00
C103,"Omkar Gupta",2018-07-15,"Fifteen July 18",Male,Amit,B.Sc,Shop,Ritu,B.A,HW,Indore,9000000063,4003,F63,444400004103,OBC,OBC,Hindu,BOI,40003,BKID01,img.jpg,18000.00,0.00,18000.00,,1st,A,18000.00
C104,"Priya Mehra",2018-08-20,"Twenty Aug 18",Female,Vikram,B.A,Farmer,Sita,B.A,HW,Indore,9000000064,4004,F64,444400004104,SC,SC,Hindu,PNB,40004,PUNB01,img.jpg,18000.00,0.00,18000.00,,1st,A,18000.00
C105,"Quaran Ali",2018-01-10,"Ten Jan 18",Male,Aslam,B.A,Driver,Salma,B.A,HW,Indore,9000000065,4005,F65,444400004105,Gen,GEN,Muslim,SBI,40005,SBIN01,img.jpg,18000.00,0.00,18000.00,,1st,A,18000.00
C106,"Rishita Das",2018-02-14,"Fourteen Feb 18",Female,Manoj,B.A,Job,Kiran,B.A,HW,Indore,9000000066,4006,F66,444400004106,Gen,GEN,Hindu,SBI,40006,SBIN01,img.jpg,18000.00,0.00,18000.00,,1st,B,18000.00
C107,"Shivam Jha",2018-03-20,"Twenty March 18",Male,Sanjay,B.A,Biz,Neha,B.A,HW,Indore,9000000067,4007,F67,444400004107,Gen,GEN,Hindu,SBI,40007,SBIN01,img.jpg,18000.00,0.00,18000.00,,1st,B,18000.00
C108,"Tanvi Joshi",2018-04-25,"Twenty Five April 18",Female,Deepak,B.A,Job,Meena,B.A,HW,Indore,9000000068,4008,F68,444400004108,Gen,GEN,Hindu,BOB,40008,BARB01,img.jpg,18000.00,0.00,18000.00,,1st,B,18000.00
C109,"Utsav Sen",2018-05-30,"Thirty May 18",Male,Raj,B.A,Biz,Riya,B.A,HW,Indore,9000000069,4009,F69,444400004109,Gen,GEN,Hindu,SBI,40009,SBIN01,img.jpg,18000.00,0.00,18000.00,,1st,B,18000.00
C110,"Vanya Goel",2018-06-05,"Five June 18",Female,Vikas,B.A,Job,Anu,B.A,HW,Indore,9000000070,4010,F70,444400004110,SC,SC,Hindu,SBI,40010,SBIN01,img.jpg,18000.00,0.00,18000.00,,1st,B,18000.00
C111,"Waseem Akram",2018-07-07,"Seven July 18",Male,Akram,B.A,Biz,Sana,B.A,HW,Indore,9000000071,4011,F71,444400004111,Gen,GEN,Muslim,SBI,40011,SBIN01,img.jpg,18000.00,0.00,18000.00,,1st,C,18000.00
C112,"Xina Jain",2018-08-08,"Eight Aug 18",Female,Harish,B.A,Biz,Maya,B.A,HW,Indore,9000000072,4012,F72,444400004112,Gen,GEN,Jain,SBI,40012,SBIN01,img.jpg,18000.00,0.00,18000.00,,1st,C,18000.00
C113,"Yuvraj Singh",2018-09-09,"Nine Sept 18",Male,Yograj,B.A,Sports,Meena,B.A,HW,Indore,9000000073,4013,F73,444400004113,OBC,OBC,Hindu,SBI,40013,SBIN01,img.jpg,18000.00,0.00,18000.00,,1st,C,18000.00
C114,"Zara Khan",2018-10-10,"Ten Oct 18",Female,Karan,B.A,Biz,Nisha,B.A,HW,Indore,9000000074,4014,F74,444400004114,Gen,GEN,Muslim,SBI,40014,SBIN01,img.jpg,18000.00,0.00,18000.00,,1st,C,18000.00
C115,"Abhay Bose",2018-11-11,"Eleven Nov 18",Male,Joy,B.A,Biz,Priya,B.A,HW,Indore,9000000075,4015,F75,444400004115,Gen,GEN,Hindu,SBI,40015,SBIN01,img.jpg,18000.00,0.00,18000.00,,1st,C,18000.00
C116,"Bhumika Pal",2018-12-12,"Twelve Dec 18",Female,Manoj,B.A,Biz,Kiran,B.A,HW,Indore,9000000076,4016,F76,444400004116,Gen,GEN,Hindu,SBI,40016,SBIN01,img.jpg,18000.00,0.00,18000.00,,1st,D,18000.00
C117,"Chirag Patil",2018-01-20,"Twenty Jan 18",Male,Suresh,B.A,Farmer,Lata,B.A,HW,Indore,9000000077,4017,F77,444400004117,Gen,GEN,Hindu,SBI,40017,SBIN01,img.jpg,18000.00,0.00,18000.00,,1st,D,18000.00
C118,"Dolly Shah",2018-02-22,"Twenty Two Feb 18",Female,Gopal,B.A,Biz,Radha,B.A,HW,Indore,9000000078,4018,F78,444400004118,Gen,GEN,Hindu,SBI,40018,SBIN01,img.jpg,18000.00,0.00,18000.00,,1st,D,18000.00
C119,"Eshan Verma",2018-03-25,"Twenty Five Mar 18",Male,Sunil,B.A,Biz,Pooja,B.A,HW,Indore,9000000079,4019,F79,444400004119,Gen,GEN,Hindu,SBI,40019,SBIN01,img.jpg,18000.00,0.00,18000.00,,1st,D,18000.00
C120,"Farhan Ali",2018-04-30,"Thirty April 18",Male,Aslam,B.A,Biz,Salma,B.A,HW,Indore,9000000080,4020,F80,444400004120,Gen,GEN,Muslim,SBI,40020,SBIN01,img.jpg,18000.00,0.00,18000.00,,1st,D,18000.00
C201,"Gopal Das",2017-05-10,"Ten May 17",Male,Hari,B.A,Shop,Radha,B.A,HW,Indore,9000000081,5001,F81,555500005101,Gen,GEN,Hindu,SBI,50001,SBIN01,img.jpg,19000.00,0.00,19000.00,Cash,2nd,A,19000.00
C202,"Hina Dixit",2017-06-12,"Twelve June 17",Female,Sunil,B.A,Business,Pooja,B.A,HW,Indore,9000000082,5002,F82,555500005102,Gen,GEN,Hindu,HDFC,50002,HDFC01,img.jpg,19000.00,0.00,19000.00,Online,2nd,A,19000.00
C203,"Inderjeet Singh",2017-07-15,"Fifteen July 17",Male,Amit,B.Sc,Farmer,Ritu,B.A,HW,Indore,9000000083,5003,F83,555500005103,OBC,OBC,Hindu,BOI,50003,BKID01,img.jpg,19000.00,0.00,19000.00,Cash,2nd,A,19000.00
C204,"Jhanvi Mehra",2017-08-20,"Twenty Aug 17",Female,Vikram,B.A,Job,Sita,B.A,HW,Indore,9000000084,5004,F84,555500005104,SC,SC,Hindu,PNB,50004,PUNB01,img.jpg,19000.00,0.00,19000.00,Online,2nd,A,19000.00
C205,"Kunal Kohli",2017-01-10,"Ten Jan 17",Male,Virat,M.A,Sports,Anushka,M.A,Job,Indore,9000000085,5005,F85,555500005105,Gen,GEN,Hindu,SBI,50005,SBIN01,img.jpg,19000.00,0.00,19000.00,Cash,2nd,A,19000.00
C206,"Lucky Ali",2017-02-14,"Fourteen Feb 17",Male,Mehmood,B.A,Artist,Kiran,B.A,HW,Indore,9000000086,5006,F86,555500005106,Gen,GEN,Muslim,SBI,50006,SBIN01,img.jpg,19000.00,0.00,19000.00,Cash,2nd,B,19000.00
C207,"Mona Singh",2017-03-20,"Twenty March 17",Female,Sanjay,B.A,Biz,Neha,B.A,HW,Indore,9000000087,5007,F87,555500005107,Gen,GEN,Hindu,SBI,50007,SBIN01,img.jpg,19000.00,0.00,19000.00,Online,2nd,B,19000.00
C208,"Naman Jain",2017-04-25,"Twenty Five April 17",Male,Sumit,B.A,Job,Rina,B.A,HW,Indore,9000000088,5008,F88,555500005108,Gen,GEN,Jain,BOB,50008,BARB01,img.jpg,19000.00,0.00,19000.00,Cash,2nd,B,19000.00
C209,"Ojasvi Sen",2017-05-30,"Thirty May 17",Female,Raj,B.A,Biz,Riya,B.A,HW,Indore,9000000089,5009,F89,555500005109,Gen,GEN,Hindu,SBI,50009,SBIN01,img.jpg,19000.00,0.00,19000.00,Online,2nd,B,19000.00
C210,"Piyush Goel",2017-06-05,"Five June 17",Male,Vikas,B.A,Job,Anu,B.A,HW,Indore,9000000090,5010,F90,555500005110,SC,SC,Hindu,SBI,50010,SBIN01,img.jpg,19000.00,0.00,19000.00,Cash,2nd,B,19000.00
C211,"Qasim Ali",2017-07-07,"Seven July 17",Male,Akram,B.A,Biz,Sana,B.A,HW,Indore,9000000091,5011,F91,555500005111,Gen,GEN,Muslim,SBI,50011,SBIN01,img.jpg,19000.00,0.00,19000.00,Cash,2nd,C,19000.00
C212,"Ritu Bansal",2017-08-08,"Eight Aug 17",Female,Rahul,B.A,Biz,Kavita,B.A,HW,Indore,9000000092,5012,F92,555500005112,Gen,GEN,Hindu,SBI,50012,SBIN01,img.jpg,19000.00,0.00,19000.00,Cash,2nd,C,19000.00
C213,"Sunny Deol",2017-09-09,"Nine Sept 17",Male,Dharmendra,B.A,Sports,Meena,B.A,HW,Indore,9000000093,5013,F93,555500005113,OBC,OBC,Hindu,SBI,50013,SBIN01,img.jpg,19000.00,0.00,19000.00,Cash,2nd,C,19000.00
C214,"Tanuja Khan",2017-10-10,"Ten Oct 17",Female,Karan,B.A,Biz,Nisha,B.A,HW,Indore,9000000094,5014,F94,555500005114,Gen,GEN,Muslim,SBI,50014,SBIN01,img.jpg,19000.00,0.00,19000.00,Cash,2nd,C,19000.00
C215,"Utkarsh Bose",2017-11-11,"Eleven Nov 17",Male,Joy,B.A,Biz,Priya,B.A,HW,Indore,9000000095,5015,F95,555500005115,Gen,GEN,Hindu,SBI,50015,SBIN01,img.jpg,19000.00,0.00,19000.00,Cash,2nd,C,19000.00
C216,"Vidya Balan",2017-12-12,"Twelve Dec 17",Female,Manoj,B.A,Artist,Kiran,B.A,HW,Indore,9000000096,5016,F96,555500005116,Gen,GEN,Hindu,SBI,50016,SBIN01,img.jpg,19000.00,0.00,19000.00,Online,2nd,D,19000.00
C217,"Wasim Raja",2017-01-20,"Twenty Jan 17",Male,Suresh,B.A,Job,Lata,B.A,HW,Indore,9000000097,5017,F97,555500005117,Gen,GEN,Muslim,SBI,50017,SBIN01,img.jpg,19000.00,0.00,19000.00,Cash,2nd,D,19000.00
C218,"Xina Shah",2017-02-22,"Twenty Two Feb 17",Female,Gopal,B.A,Biz,Radha,B.A,HW,Indore,9000000098,5018,F98,555500005118,Gen,GEN,Hindu,SBI,50018,SBIN01,img.jpg,19000.00,0.00,19000.00,Cash,2nd,D,19000.00
C219,"Yash Pathak",2017-03-25,"Twenty Five Mar 17",Male,Sunil,B.A,Biz,Pooja,B.A,HW,Indore,9000000099,5019,F99,555500005119,Gen,GEN,Hindu,SBI,50019,SBIN01,img.jpg,19000.00,0.00,19000.00,Cash,2nd,D,19000.00
C220,"Zeenat Aman",2017-04-30,"Thirty April 17",Female,Aslam,B.A,Artist,Salma,B.A,HW,Indore,9000000100,5020,F100,555500005120,Gen,GEN,Muslim,SBI,50020,SBIN01,img.jpg,19000.00,0.00,19000.00,Online,2nd,D,19000.00
C301,"Abhishek Sharma",2016-01-10,"Ten Jan 16",Male,Ramesh,Graduate,Job,Suman,B.A,HW,Indore,9000000101,6001,F101,666600006101,Gen,GEN,Hindu,SBI,60001,SBIN01,img.jpg,20000.00,0.00,20000.00,Cash,3rd,A,20000.00
C302,"Bhakti Vyas",2016-02-15,"Fifteen Feb 16",Female,Amit,MBA,Biz,Pooja,B.Com,Teacher,Indore,9000000102,6002,F102,666600006102,Gen,GEN,Hindu,HDFC,60002,HDFC01,img.jpg,20000.00,0.00,20000.00,Online,3rd,A,20000.00
C303,"Chetan Bhagat",2016-03-20,"Twenty Mar 16",Male,Sunil,B.A,Writer,Maya,B.A,HW,Indore,9000000103,6003,F103,666600006103,Gen,GEN,Hindu,BOI,60003,BKID01,img.jpg,20000.00,0.00,20000.00,Cash,3rd,A,20000.00
C304,"Drishti Gill",2016-04-25,"Twenty Five Apr 16",Female,Vikram,B.A,Farmer,Sita,B.A,HW,Indore,9000000104,6004,F104,666600006104,OBC,OBC,Hindu,PNB,60004,PUNB01,img.jpg,20000.00,0.00,20000.00,Online,3rd,A,20000.00
C305,"Eshan Kishor",2016-05-30,"Thirty May 16",Male,Prakash,B.A,Job,Laxmi,B.A,HW,Indore,9000000105,6005,F105,666600006105,SC,SC,Hindu,SBI,60005,SBIN01,img.jpg,20000.00,0.00,20000.00,Cash,3rd,A,20000.00
C306,"Farhan Akhtar",2016-06-05,"Five June 16",Male,Javed,Graduate,Artist,Honey,Graduate,HW,Indore,9000000106,6006,F106,666600006106,Gen,GEN,Muslim,SBI,60006,SBIN01,img.jpg,20000.00,0.00,20000.00,Cash,3rd,B,20000.00
C307,"Gita Phogat",2016-07-10,"Ten July 16",Female,Mahavir,B.A,Coach,Daya,B.A,HW,Indore,9000000107,6007,F107,666600006107,OBC,OBC,Hindu,SBI,60007,SBIN01,img.jpg,20000.00,0.00,20000.00,Online,3rd,B,20000.00
C308,"Hardik Pandya",2016-08-15,"Fifteen Aug 16",Male,Himanshu,B.A,Sports,Nalini,B.A,HW,Indore,9000000108,6008,F108,666600006108,Gen,GEN,Hindu,BOB,60008,BARB01,img.jpg,20000.00,0.00,20000.00,Cash,3rd,B,20000.00
C309,"Indu Jain",2016-09-20,"Twenty Sept 16",Female,Deepak,B.A,Biz,Meena,B.A,HW,Indore,9000000109,6009,F109,666600006109,Gen,GEN,Jain,SBI,60009,SBIN01,img.jpg,20000.00,0.00,20000.00,Online,3rd,B,20000.00
C310,"Jatin Lalit",2016-10-25,"Twenty Five Oct 16",Male,Manoj,B.A,Job,Kiran,B.A,HW,Indore,9000000110,6010,F110,666600006110,SC,SC,Hindu,SBI,60010,SBIN01,img.jpg,20000.00,0.00,20000.00,Cash,3rd,B,20000.00
C311,"Kajol Devgan",2016-11-30,"Thirty Nov 16",Female,Ajay,B.A,Biz,Tanuja,B.A,HW,Indore,9000000111,6011,F111,666600006111,Gen,GEN,Hindu,SBI,60011,SBIN01,img.jpg,20000.00,0.00,20000.00,Cash,3rd,C,20000.00
C312,"Lucky Bisht",2016-12-05,"Five Dec 16",Male,Vikas,B.A,Job,Anu,B.A,HW,Indore,9000000112,6012,F112,666600006112,Gen,GEN,Hindu,SBI,60012,SBIN01,img.jpg,20000.00,0.00,20000.00,Online,3rd,C,20000.00
C313,"Mansi Joshi",2016-01-22,"Twenty Two Jan 16",Female,Nitin,B.A,Biz,Gauri,B.A,HW,Indore,9000000113,6013,F113,666600006113,Gen,GEN,Hindu,SBI,60013,SBIN01,img.jpg,20000.00,0.00,20000.00,Cash,3rd,C,20000.00
C314,"Nitin Gadkari",2016-02-18,"Eighteen Feb 16",Male,Jairam,B.A,Leader,Kundan,B.A,HW,Indore,9000000114,6014,F114,666600006114,Gen,GEN,Hindu,SBI,60014,SBIN01,img.jpg,20000.00,0.00,20000.00,Cash,3rd,C,20000.00
C315,"Omi Vaidya",2016-03-12,"Twelve Mar 16",Male,Sumit,B.A,Biz,Maya,B.A,HW,Indore,9000000115,6015,F115,666600006115,Gen,GEN,Hindu,SBI,60015,SBIN01,img.jpg,20000.00,0.00,20000.00,Cash,3rd,C,20000.00
C316,"Pankaj Tripathi",2016-04-08,"Eight Apr 16",Male,Pandit,Graduate,Job,Rina,Graduate,HW,Indore,9000000116,6016,F116,666600006116,Gen,GEN,Hindu,SBI,60016,SBIN01,img.jpg,20000.00,0.00,20000.00,Online,3rd,D,20000.00
C317,"Queen Elizabeth",2016-05-22,"Twenty Two May 16",Female,George,B.A,Royal,Mary,B.A,HW,Indore,9000000117,6017,F117,666600006117,Gen,GEN,Christian,SBI,60017,SBIN01,img.jpg,20000.00,0.00,20000.00,Cash,3rd,D,20000.00
C318,"Ranveer Singh",2016-06-14,"Fourteen June 16",Male,Jagjit,Graduate,Biz,Anju,Graduate,HW,Indore,9000000118,6018,F118,666600006118,Gen,GEN,Hindu,SBI,60018,SBIN01,img.jpg,20000.00,0.00,20000.00,Cash,3rd,D,20000.00
C319,"Sushant Singh",2016-07-28,"Twenty Eight July 16",Male,Kishore,B.A,Job,Usha,B.A,HW,Indore,9000000119,6019,F119,666600006119,Gen,GEN,Hindu,SBI,60019,SBIN01,img.jpg,20000.00,0.00,20000.00,Cash,3rd,D,20000.00
C320,"Tripti Dimri",2016-08-01,"One Aug 16",Female,Dinesh,Graduate,Job,Meenakshi,B.A,HW,Indore,9000000120,6020,F120,666600006120,Gen,GEN,Hindu,SBI,60020,SBIN01,img.jpg,20000.00,0.00,20000.00,Online,3rd,D,20000.00
C401,"Udit Narayan",2015-01-10,"Ten Jan 15",Male,Hari,Graduate,Singer,Deepa,B.A,HW,Indore,9000000121,7001,F121,777700007101,Gen,GEN,Hindu,SBI,70001,SBIN01,img.jpg,21000.00,0.00,21000.00,Cash,4th,A,21000.00
C402,"Vicky Kaushal",2015-02-15,"Fifteen Feb 15",Male,Sham,MBA,Stunt,Veena,B.Com,HW,Indore,9000000122,7002,F122,777700007102,Gen,GEN,Hindu,HDFC,70002,HDFC01,img.jpg,21000.00,0.00,21000.00,Online,4th,A,21000.00
C403,"Wamiqa Gabbi",2015-03-20,"Twenty Mar 15",Female,Sunil,B.A,Job,Maya,B.A,HW,Indore,9000000123,7003,F123,777700007103,Gen,GEN,Hindu,BOI,70003,BKID01,img.jpg,21000.00,0.00,21000.00,Cash,4th,A,21000.00
C404,"Xenia Dsouza",2015-04-25,"Twenty Five Apr 15",Female,Vikram,B.A,Biz,Sita,B.A,HW,Indore,9000000124,7004,F124,777700007104,Gen,GEN,Christian,PNB,70004,PUNB01,img.jpg,21000.00,0.00,21000.00,Online,4th,A,21000.00
C405,"Yuvika Chaudhary",2015-05-30,"Thirty May 15",Female,Prakash,B.A,Job,Laxmi,B.A,HW,Indore,9000000125,7005,F125,777700007105,Gen,GEN,Hindu,SBI,70005,SBIN01,img.jpg,21000.00,0.00,21000.00,Cash,4th,A,21000.00
C406,"Zakir Khan",2015-06-05,"Five June 15",Male,Ismail,Graduate,Artist,Honey,Graduate,HW,Indore,9000000126,7006,F126,777700007106,Gen,GEN,Muslim,SBI,70006,SBIN01,img.jpg,21000.00,0.00,21000.00,Cash,4th,B,21000.00
C407,"Alia Bhatt",2015-07-10,"Ten July 15",Female,Mahesh,B.A,Director,Soni,B.A,HW,Indore,9000000127,7007,F127,777700007107,Gen,GEN,Hindu,SBI,70007,SBIN01,img.jpg,21000.00,0.00,21000.00,Online,4th,B,21000.00
C408,"Bobby Deol",2015-08-15,"Fifteen Aug 15",Male,Dharmendra,B.A,Biz,Prakash,B.A,HW,Indore,9000000128,7008,F128,777700007108,Gen,GEN,Hindu,BOB,70008,BARB01,img.jpg,21000.00,0.00,21000.00,Cash,4th,B,21000.00
C409,"Chitrangada Singh",2015-09-20,"Twenty Sept 15",Female,Niraj,B.A,Army,Meena,B.A,HW,Indore,9000000129,7009,F129,777700007109,Gen,GEN,Hindu,SBI,70009,SBIN01,img.jpg,21000.00,0.00,21000.00,Online,4th,B,21000.00
C410,"Dhanush Raja",2015-10-25,"Twenty Five Oct 15",Male,Kasturi,B.A,Job,Vijay,B.A,HW,Indore,9000000130,7010,F130,777700007110,OBC,OBC,Hindu,SBI,70010,SBIN01,img.jpg,21000.00,0.00,21000.00,Cash,4th,B,21000.00
C411,"Emraan Hashmi",2015-11-30,"Thirty Nov 15",Male,Anwar,B.A,Biz,Maher,B.A,HW,Indore,9000000131,7011,F131,777700007111,Gen,GEN,Muslim,SBI,70011,SBIN01,img.jpg,21000.00,0.00,21000.00,Cash,4th,C,21000.00
C412,"Fatima Sana",2015-12-05,"Five Dec 15",Female,Vikas,B.A,Job,Anu,B.A,HW,Indore,9000000132,7012,F132,777700007112,Gen,GEN,Muslim,SBI,70012,SBIN01,img.jpg,21000.00,0.00,21000.00,Online,4th,C,21000.00
C413,"Govinda Ahuja",2015-01-22,"Twenty Two Jan 15",Male,Arun,B.A,Biz,Nirmala,B.A,HW,Indore,9000000133,7013,F133,777700007113,Gen,GEN,Hindu,SBI,70013,SBIN01,img.jpg,21000.00,0.00,21000.00,Cash,4th,C,21000.00
C414,"Huma Qureshi",2015-02-18,"Eighteen Feb 15",Female,Saleem,B.A,Restraunt,Amina,B.A,HW,Indore,9000000134,7014,F134,777700007114,Gen,GEN,Muslim,SBI,70014,SBIN01,img.jpg,21000.00,0.00,21000.00,Cash,4th,C,21000.00
C415,"Irfan Pathan",2015-03-12,"Twelve Mar 15",Male,Mehmood,B.A,Sports,Maya,B.A,HW,Indore,9000000135,7015,F135,777700007115,Gen,GEN,Muslim,SBI,70015,SBIN01,img.jpg,21000.00,0.00,21000.00,Cash,4th,C,21000.00
C416,"John Abraham",2015-04-08,"Eight Apr 15",Male,Abraham,Graduate,Job,Firoza,Graduate,HW,Indore,9000000136,7016,F136,777700007116,Gen,GEN,Christian,SBI,70016,SBIN01,img.jpg,21000.00,0.00,21000.00,Online,4th,D,21000.00
C417,"Kriti Sanon",2015-05-22,"Twenty Two May 15",Female,Rahul,B.A,Prof,Geeta,B.A,HW,Indore,9000000137,7017,F137,777700007117,Gen,GEN,Hindu,SBI,70017,SBIN01,img.jpg,21000.00,0.00,21000.00,Cash,4th,D,21000.00
C418,"Lokesh Rahul",2015-06-14,"Fourteen June 15",Male,Lokesh,Graduate,Coach,Rajeshwari,Graduate,HW,Indore,9000000138,7018,F138,777700007118,OBC,OBC,Hindu,SBI,70018,SBIN01,img.jpg,21000.00,0.00,21000.00,Cash,4th,D,21000.00
C419,"Manoj Bajpayee",2015-07-28,"Twenty Eight July 15",Male,Radha,B.A,Farmer,Sushila,B.A,HW,Indore,9000000139,7019,F139,777700007119,Gen,GEN,Hindu,SBI,70019,SBIN01,img.jpg,21000.00,0.00,21000.00,Cash,4th,D,21000.00
C420,"Nora Fatehi",2015-08-01,"One Aug 15",Female,Fateh,Graduate,Artist,Meena,B.A,HW,Indore,9000000140,7020,F140,777700007120,Gen,GEN,Muslim,SBI,70020,SBIN01,img.jpg,21000.00,0.00,21000.00,Online,4th,D,21000.00
C501,"Om Puri",2014-01-10,"Ten Jan 14",Male,Rajesh,Graduate,Artist,Suman,B.A,HW,Indore,9000000141,8001,F141,888800008101,Gen,GEN,Hindu,SBI,80001,SBIN01,img.jpg,22000.00,0.00,22000.00,Cash,5th,A,22000.00
C502,"Pankaj Kapoor",2014-02-15,"Fifteen Feb 14",Male,Madan,MBA,Job,Veena,B.Com,HW,Indore,9000000142,8002,F142,888800008102,Gen,GEN,Hindu,HDFC,80002,HDFC01,img.jpg,22000.00,0.00,22000.00,Online,5th,A,22000.00
C503,"Qubool Hai",2014-03-20,"Twenty Mar 14",Female,Aslam,B.A,Job,Maya,B.A,HW,Indore,9000000143,8003,F143,888800008103,Gen,GEN,Muslim,BOI,80003,BKID01,img.jpg,22000.00,0.00,22000.00,Cash,5th,A,22000.00
C504,"Raveena Tandon",2014-04-25,"Twenty Five Apr 14",Female,Ravi,B.A,Biz,Sita,B.A,HW,Indore,9000000144,8004,F144,888800008104,Gen,GEN,Hindu,PNB,80004,PUNB01,img.jpg,22000.00,0.00,22000.00,Online,5th,A,22000.00
C505,"Suniel Shetty",2014-05-30,"Thirty May 14",Male,Veerappa,B.A,Biz,Laxmi,B.A,HW,Indore,9000000145,8005,F145,888800008105,Gen,GEN,Hindu,SBI,80005,SBIN01,img.jpg,22000.00,0.00,22000.00,Cash,5th,A,22000.00
C506,"Tabu Hashmi",2014-06-05,"Five June 14",Female,Jamal,Graduate,Artist,Honey,Graduate,HW,Indore,9000000146,8006,F146,888800008106,Gen,GEN,Muslim,SBI,80006,SBIN01,img.jpg,22000.00,0.00,22000.00,Cash,5th,B,22000.00
C507,"Urmila Matondkar",2014-07-10,"Ten July 14",Female,Shivinder,B.A,Job,Soni,B.A,HW,Indore,9000000147,8007,F147,888800008107,Gen,GEN,Hindu,SBI,80007,SBIN01,img.jpg,22000.00,0.00,22000.00,Online,5th,B,22000.00
C508,"Vivek Oberoi",2014-08-15,"Fifteen Aug 14",Male,Suresh,B.A,Biz,Prakash,B.A,HW,Indore,9000000148,8008,F148,888800008108,Gen,GEN,Hindu,BOB,80008,BARB01,img.jpg,22000.00,0.00,22000.00,Cash,5th,B,22000.00
C509,"Waheeda Rehman",2014-09-20,"Twenty Sept 14",Female,Niraj,B.A,Job,Meena,B.A,HW,Indore,9000000149,8009,F149,888800008109,Gen,GEN,Muslim,SBI,80009,SBIN01,img.jpg,22000.00,0.00,22000.00,Online,5th,B,22000.00
C510,"Xavier Gomes",2014-10-25,"Twenty Five Oct 14",Male,Gomes,B.A,Job,Maria,B.A,HW,Indore,9000000150,8010,F150,888800008110,Gen,GEN,Christian,SBI,80010,SBIN01,img.jpg,22000.00,0.00,22000.00,Cash,5th,B,22000.00
C511,"Yami Gautam",2014-11-30,"Thirty Nov 14",Female,Mukesh,B.A,Biz,Maher,B.A,HW,Indore,9000000151,8011,F151,888800008111,Gen,GEN,Hindu,SBI,80011,SBIN01,img.jpg,22000.00,0.00,22000.00,Cash,5th,C,22000.00
C512,"Zeenat Aman",2014-12-05,"Five Dec 14",Female,Vikas,B.A,Job,Anu,B.A,HW,Indore,9000000152,8012,F152,888800008112,Gen,GEN,Muslim,SBI,80012,SBIN01,img.jpg,22000.00,0.00,22000.00,Online,5th,C,22000.00
C513,"Ayushmann Khurrana",2014-01-22,"Twenty Two Jan 14",Male,"P. Khurrana",B.A,Biz,Poonam,B.A,HW,Indore,9000000153,8013,F153,888800008113,Gen,GEN,Hindu,SBI,80013,SBIN01,img.jpg,22000.00,0.00,22000.00,Cash,5th,C,22000.00
C514,"Bhumi Pednekar",2014-02-18,"Eighteen Feb 14",Female,Satish,B.A,Job,Sumitra,B.A,HW,Indore,9000000154,8014,F154,888800008114,Gen,GEN,Hindu,SBI,80014,SBIN01,img.jpg,22000.00,0.00,22000.00,Cash,5th,C,22000.00
C515,"Chiranjeevi Konidela",2014-03-12,"Twelve Mar 14",Male,Venkat,B.A,Biz,Anjana,B.A,HW,Indore,9000000155,8015,F155,888800008115,OBC,OBC,Hindu,SBI,80015,SBIN01,img.jpg,22000.00,0.00,22000.00,Cash,5th,C,22000.00
C516,"Deepika Padukone",2014-04-08,"Eight Apr 14",Female,Prakash,Graduate,Sports,Ujjala,Graduate,HW,Indore,9000000156,8016,F156,888800008116,Gen,GEN,Hindu,SBI,80016,SBIN01,img.jpg,22000.00,0.00,22000.00,Online,5th,D,22000.00
C517,"Esha Deol",2014-05-22,"Twenty Two May 14",Female,Dharmendra,B.A,Biz,Hema,B.A,HW,Indore,9000000157,8017,F157,888800008117,Gen,GEN,Hindu,SBI,80017,SBIN01,img.jpg,22000.00,0.00,22000.00,Cash,5th,D,22000.00
C518,"Farhan Akhtar",2014-06-14,"Fourteen June 14",Male,Javed,Graduate,Artist,Honey,Graduate,HW,Indore,9000000158,8018,F158,888800008118,Gen,GEN,Muslim,SBI,80018,SBIN01,img.jpg,22000.00,0.00,22000.00,Cash,5th,D,22000.00
C519,"Genelia Dsouza",2014-07-28,"Twenty Eight July 14",Female,Neil,B.A,Job,Jeanette,B.A,HW,Indore,9000000159,8019,F159,888800008119,Gen,GEN,Christian,SBI,80019,SBIN01,img.jpg,22000.00,0.00,22000.00,Cash,5th,D,22000.00
C520,"Hrithik Roshan",2014-08-01,"One Aug 14",Male,Rakesh,Graduate,Director,Pinky,B.A,HW,Indore,9000000160,8020,F160,888800008120,Gen,GEN,Hindu,SBI,80020,SBIN01,img.jpg,22000.00,0.00,22000.00,Online,5th,D,22000.00
C601,"Ishan Kishan",2013-01-10,"Ten Jan 13",Male,Pranav,Graduate,Job,Suchitra,B.A,HW,Indore,9000000161,9001,F161,999900009101,Gen,GEN,Hindu,SBI,90001,SBIN01,img.jpg,23000.00,0.00,23000.00,Cash,6th,A,23000.00
C602,"Janhvi Kapoor",2013-02-15,"Fifteen Feb 13",Female,Boney,MBA,Biz,Sridevi,B.A,HW,Indore,9000000162,9002,F162,999900009102,Gen,GEN,Hindu,HDFC,90002,HDFC01,img.jpg,23000.00,0.00,23000.00,Online,6th,A,23000.00
C603,"Kartik Aaryan",2013-03-20,"Twenty Mar 13",Male,Manish,B.A,Job,Mala,B.A,HW,Indore,9000000163,9003,F163,999900009103,Gen,GEN,Hindu,BOI,90003,BKID01,img.jpg,23000.00,0.00,23000.00,Cash,6th,A,23000.00
C604,"Lara Dutta",2013-04-25,"Twenty Five Apr 13",Female,"L.K. Dutta",B.A,"Air Force",Jennifer,B.A,HW,Indore,9000000164,9004,F164,999900009104,Gen,GEN,Hindu,PNB,90004,PUNB01,img.jpg,23000.00,0.00,23000.00,Online,6th,A,23000.00
C605,"Mrunal Thakur",2013-05-30,"Thirty May 13",Female,Uday,B.A,Job,Usha,B.A,HW,Indore,9000000165,9005,F165,999900009105,Gen,GEN,Hindu,SBI,90005,SBIN01,img.jpg,23000.00,0.00,23000.00,Cash,6th,A,23000.00
C606,"Nawazuddin Siddiqui",2013-06-05,"Five June 13",Male,Budharuddin,Graduate,Artist,Honey,Graduate,HW,Indore,9000000166,9006,F166,999900009106,Gen,GEN,Muslim,SBI,90006,SBIN01,img.jpg,23000.00,0.00,23000.00,Cash,6th,B,23000.00
C607,"Parineeti Chopra",2013-07-10,"Ten July 13",Female,Pawan,B.A,Biz,Reena,B.A,HW,Indore,9000000167,9007,F167,999900009107,Gen,GEN,Hindu,SBI,90007,SBIN01,img.jpg,23000.00,0.00,23000.00,Online,6th,B,23000.00
C608,"Ranbir Kapoor",2013-08-15,"Fifteen Aug 13",Male,Rishi,B.A,Artist,Neetu,B.A,HW,Indore,9000000168,9008,F168,999900009108,Gen,GEN,Hindu,BOB,90008,BARB01,img.jpg,23000.00,0.00,23000.00,Cash,6th,B,23000.00
C609,"Sara Ali Khan",2013-09-20,"Twenty Sept 13",Female,Saif,B.A,Artist,Amrita,B.A,HW,Indore,9000000169,9009,F169,999900009109,Gen,GEN,Muslim,SBI,90009,SBIN01,img.jpg,23000.00,0.00,23000.00,Online,6th,B,23000.00
C610,"Tiger Shroff",2013-10-25,"Twenty Five Oct 13",Male,Jackie,B.A,Biz,Ayesha,B.A,HW,Indore,9000000170,9010,F170,999900009110,Gen,GEN,Hindu,SBI,90010,SBIN01,img.jpg,23000.00,0.00,23000.00,Cash,6th,B,23000.00
C611,"Urfi Javed",2013-11-30,"Thirty Nov 13",Female,Irfan,B.A,Biz,Zakiya,B.A,HW,Indore,9000000171,9011,F171,999900009111,Gen,GEN,Muslim,SBI,90011,SBIN01,img.jpg,23000.00,0.00,23000.00,Cash,6th,C,23000.00
C612,"Varun Sharma",2013-12-05,"Five Dec 13",Male,Vikas,B.A,Job,Anu,B.A,HW,Indore,9000000172,9012,F172,999900009112,Gen,GEN,Hindu,SBI,90012,SBIN01,img.jpg,23000.00,0.00,23000.00,Online,6th,C,23000.00
C613,"Wajid Khan",2013-01-22,"Twenty Two Jan 13",Male,Sharafat,B.A,Music,Razia,B.A,HW,Indore,9000000173,9013,F173,999900009113,Gen,GEN,Muslim,SBI,90013,SBIN01,img.jpg,23000.00,0.00,23000.00,Cash,6th,C,23000.00
C614,"Xina Khan",2013-02-18,"Eighteen Feb 13",Female,Karan,B.A,Job,Maya,B.A,HW,Indore,9000000174,9014,F174,999900009114,Gen,GEN,Muslim,SBI,90014,SBIN01,img.jpg,23000.00,0.00,23000.00,Cash,6th,C,23000.00
C615,"Yashaswi Jaiswal",2013-03-12,"Twelve Mar 13",Male,Bhupesh,B.A,Farmer,Kanchan,B.A,HW,Indore,9000000175,9015,F175,999900009115,OBC,OBC,Hindu,SBI,90015,SBIN01,img.jpg,23000.00,0.00,23000.00,Cash,6th,C,23000.00
C616,"Zoya Akhtar",2013-04-08,"Eight Apr 13",Female,Javed,Graduate,Director,Honey,Graduate,HW,Indore,9000000176,9016,F175,999900009115,OBC,OBC,Hindu,SBI,90015,SBIN01,img.jpg,23000.00,0.00,23000.00,Cash,6th,C,23000.00
C618,"Bipasha Basu",2013-06-14,"Fourteen June 13",Female,Hirak,Graduate,Biz,Mamta,Graduate,HW,Indore,9000000178,9018,F178,999900009118,Gen,GEN,Hindu,SBI,90018,SBIN01,img.jpg,23000.00,0.00,23000.00,Cash,6th,D,23000.00
C619,"Chitrangada Singh",2013-07-28,"Twenty Eight July 13",Female,Niraj,B.A,Army,Meena,B.A,HW,Indore,9000000179,9019,F179,999900009119,Gen,GEN,Hindu,SBI,90019,SBIN01,img.jpg,23000.00,0.00,23000.00,Cash,6th,D,23000.00
C620,"Dhanush K",2013-08-01,"One Aug 13",Male,Kasturi,Graduate,Director,Vijay,B.A,HW,Indore,9000000180,9020,F180,999900009120,OBC,OBC,Hindu,SBI,90020,SBIN01,img.jpg,23000.00,0.00,23000.00,Online,6th,D,23000.00
C701,"Esha Gupta",2012-01-10,"Ten Jan 12",Female,Dilip,Graduate,Biz,Suman,B.A,HW,Indore,9000000181,10001,F181,770000001101,Gen,GEN,Hindu,SBI,70001,SBIN01,img.jpg,24000.00,0.00,24000.00,Cash,7th,A,24000.00
C702,"Farhan Faasil",2012-02-15,"Fifteen Feb 12",Male,Fazil,MBA,Job,Rozina,B.Com,HW,Indore,9000000182,10002,F182,770000001102,Gen,GEN,Muslim,HDFC,70002,HDFC01,img.jpg,24000.00,0.00,24000.00,Online,7th,A,24000.00
C703,"Gautam Gambhir",2012-03-20,"Twenty Mar 12",Male,Deepak,B.A,Sports,Seema,B.A,HW,Indore,9000000183,10003,F183,770000001103,Gen,GEN,Hindu,BOI,70003,BKID01,img.jpg,24000.00,0.00,24000.00,Cash,7th,A,24000.00
C704,"Huma Qureshi",2012-04-25,"Twenty Five Apr 12",Female,Saleem,B.A,Biz,Amina,B.A,HW,Indore,9000000184,10004,F184,770000001104,Gen,GEN,Muslim,PNB,70004,PUNB01,img.jpg,24000.00,0.00,24000.00,Online,7th,A,24000.00
C705,"Ishan Pandita",2012-05-30,"Thirty May 12",Male,Sanjay,B.A,Job,Neelam,B.A,HW,Indore,9000000185,10005,F185,770000001105,Gen,GEN,Hindu,SBI,70005,SBIN01,img.jpg,24000.00,0.00,24000.00,Cash,7th,A,24000.00
C706,"Juhi Chawla",2012-06-05,"Five June 12",Female,Desraj,Graduate,Biz,Mona,Graduate,HW,Indore,9000000186,10006,F186,770000001106,Gen,GEN,Hindu,SBI,70006,SBIN01,img.jpg,24000.00,0.00,24000.00,Cash,7th,B,24000.00
C707,"Kiran Bedi",2012-07-10,"Ten July 12",Female,Prakash,B.A,Police,Prem,B.A,HW,Indore,9000000187,10007,F187,770000001107,Gen,GEN,Hindu,SBI,70007,SBIN01,img.jpg,24000.00,0.00,24000.00,Online,7th,B,24000.00
C708,"Lokesh Kanagaraj",2012-08-15,"Fifteen Aug 12",Male,Karan,B.A,Artist,Lata,B.A,HW,Indore,9000000188,10008,F188,770000001108,OBC,OBC,Hindu,BOB,70008,BARB01,img.jpg,24000.00,0.00,24000.00,Cash,7th,B,24000.00
C709,"Mithali Raj",2012-09-20,"Twenty Sept 12",Female,Dorai,B.A,Job,Leela,B.A,HW,Indore,9000000189,10009,F189,770000001109,Gen,GEN,Hindu,SBI,70009,SBIN01,img.jpg,24000.00,0.00,24000.00,Online,7th,B,24000.00
C710,"Nitin Singh",2012-10-25,"Twenty Five Oct 12",Male,Brijesh,B.A,Job,Maya,B.A,HW,Indore,9000000190,10010,F190,770000001110,SC,SC,Hindu,SBI,70010,SBIN01,img.jpg,24000.00,0.00,24000.00,Cash,7th,B,24000.00
C711,"Om Raut",2012-11-30,"Thirty Nov 12",Male,Bharat,B.A,Biz,Asha,B.A,HW,Indore,9000000191,10011,F191,770000001111,Gen,GEN,Hindu,SBI,70011,SBIN01,img.jpg,24000.00,0.00,24000.00,Cash,7th,C,24000.00
C712,"Pooja Hegde",2012-12-05,"Five Dec 12",Female,Manjunath,B.A,Biz,Latha,B.A,HW,Indore,9000000192,10012,F192,770000001112,Gen,GEN,Hindu,SBI,70012,SBIN01,img.jpg,24000.00,0.00,24000.00,Online,7th,C,24000.00
C713,"Quinton De Kock",2012-01-22,"Twenty Two Jan 12",Male,Ernest,B.A,Job,Sana,B.A,HW,Indore,9000000193,10013,F193,770000001113,Gen,GEN,Christian,SBI,70013,SBIN01,img.jpg,24000.00,0.00,24000.00,Cash,7th,C,24000.00
C714,"Rashmika Mandanna",2012-02-18,"Eighteen Feb 12",Female,Madan,B.A,Biz,Suman,B.A,HW,Indore,9000000194,10014,F194,770000001114,Gen,GEN,Hindu,SBI,70014,SBIN01,img.jpg,24000.00,0.00,24000.00,Cash,7th,C,24000.00
C715,"Suresh Raina",2012-03-12,"Twelve Mar 12",Male,Trilokchand,B.A,Biz,Parvesh,B.A,HW,Indore,9000000195,10015,F195,770000001115,OBC,OBC,Hindu,SBI,70015,SBIN01,img.jpg,24000.00,0.00,24000.00,Cash,7th,C,24000.00
C716,"Tamannaah Bhatia",2012-04-08,"Eight Apr 12",Female,Santosh,Graduate,Biz,Rajni,Graduate,HW,Indore,9000000196,10016,F196,770000001116,Gen,GEN,Hindu,SBI,70016,SBIN01,img.jpg,24000.00,0.00,24000.00,Online,7th,D,24000.00
C717,"Uday Chopra",2012-05-22,"Twenty Two May 12",Male,Yash,B.A,Artist,Pamela,B.A,HW,Indore,9000000197,10017,F197,770000001117,Gen,GEN,Hindu,SBI,70017,SBIN01,img.jpg,24000.00,0.00,24000.00,Cash,7th,D,24000.00
C718,"Vaani Kapoor",2012-06-14,"Fourteen June 12",Female,Shiv,Graduate,Biz,Dimpy,Graduate,HW,Indore,9000000198,10018,F198,770000001118,Gen,GEN,Hindu,SBI,70018,SBIN01,img.jpg,24000.00,0.00,24000.00,Cash,7th,D,24000.00
C719,"Washington Sundar",2012-07-28,"Twenty Eight July 12",Male,Sundar,B.A,Sports,Meena,B.A,HW,Indore,9000000199,10019,F199,770000001119,SC,SC,Hindu,SBI,70019,SBIN01,img.jpg,24000.00,0.00,24000.00,Cash,7th,D,24000.00
C720,"Xavier J",2012-08-01,"One Aug 12",Male,Joseph,Graduate,Job,Maria,B.A,HW,Indore,9000000200,10020,F200,770000001120,Gen,GEN,Christian,SBI,70020,SBIN01,img.jpg,24000.00,0.00,24000.00,Online,7th,D,24000.00
C801,"Yashaswi J",2011-01-10,"Ten Jan 11",Male,Bhupesh,Graduate,Biz,Kanchan,B.A,HW,Indore,9000000201,11001,F201,880000001101,OBC,OBC,Hindu,SBI,80001,SBIN01,img.jpg,25000.00,0.00,25000.00,,8th,A,25000.00
C802,"Ziva Dhoni",2011-02-15,"Fifteen Feb 11",Female,Mahendra,MBA,Sports,Sakshi,B.Com,HW,Indore,9000000202,11002,F202,880000001102,Gen,GEN,Hindu,HDFC,80002,HDFC01,img.jpg,25000.00,0.00,25000.00,,8th,A,25000.00
C803,"Abir Chatterjee",2011-03-20,"Twenty Mar 11",Male,Subrata,B.A,Job,Rina,B.A,HW,Indore,9000000203,11003,F203,880000001103,Gen,GEN,Hindu,BOI,80003,BKID01,img.jpg,25000.00,0.00,25000.00,,8th,A,25000.00
C804,"Bhavini Purohit",2011-04-25,"Twenty Five Apr 11",Female,Karan,B.A,Biz,Nisha,B.A,HW,Indore,9000000204,11004,F204,880000001104,Gen,GEN,Hindu,PNB,80004,PUNB01,img.jpg,25000.00,0.00,25000.00,,8th,A,25000.00
C805,"Chirag Paswan",2011-05-30,"Thirty May 11",Male,"Ram Vilas",M.A,Leader,Sushma,B.A,HW,Indore,9000000205,11005,F205,880000001105,SC,SC,Hindu,SBI,80005,SBIN01,img.jpg,25000.00,0.00,25000.00,,8th,A,25000.00
C806,"Drishti Dhami",2011-06-05,"Five June 11",Female,Vikas,Graduate,Job,Anu,Graduate,HW,Indore,9000000206,11006,F206,880000001106,Gen,GEN,Hindu,SBI,80006,SBIN01,img.jpg,25000.00,0.00,25000.00,,8th,B,25000.00
C807,"Eklavya Bhatt",2011-07-10,"Ten July 11",Male,Nitin,B.A,Biz,Gauri,B.A,HW,Indore,9000000207,11007,F207,880000001107,Gen,GEN,Hindu,SBI,80007,SBIN01,img.jpg,25000.00,0.00,25000.00,,8th,B,25000.00
C808,"Falak Naaz",2011-08-15,"Fifteen Aug 11",Female,Manoj,B.A,Job,Kiran,B.A,HW,Indore,9000000208,11008,F208,880000001108,Gen,GEN,Muslim,BOB,80008,BARB01,img.jpg,25000.00,0.00,25000.00,,8th,B,25000.00
C809,"Gautam Rode",2011-09-20,"Twenty Sept 11",Male,Sumit,B.A,Biz,Maya,B.A,HW,Indore,9000000209,11009,F209,880000001109,Gen,GEN,Hindu,SBI,80009,SBIN01,img.jpg,25000.00,0.00,25000.00,,8th,B,25000.00
C810,"Hina Khan",2011-10-25,"Twenty Five Oct 11",Female,Aslam,B.A,Job,Rina,B.A,HW,Indore,9000000210,11010,F210,880000001110,Gen,GEN,Muslim,SBI,80010,SBIN01,img.jpg,25000.00,0.00,25000.00,,8th,B,25000.00
C811,"Inder Kumar",2011-11-30,"Thirty Nov 11",Male,Deepak,B.A,Biz,Lata,B.A,HW,Indore,9000000211,11011,F211,880000001111,OBC,OBC,Hindu,SBI,80011,SBIN01,img.jpg,25000.00,0.00,25000.00,,8th,C,25000.00
C812,"Jhanvi Kapoor",2011-12-05,"Five Dec 11",Female,Boney,B.A,Biz,Sridevi,B.A,HW,Indore,9000000212,11012,F212,880000001112,Gen,GEN,Hindu,SBI,80012,SBIN01,img.jpg,25000.00,0.00,25000.00,,8th,C,25000.00
C813,"Kunal Khemu",2011-01-22,"Twenty Two Jan 11",Male,Ravi,B.A,Job,Priya,B.A,HW,Indore,9000000213,11013,F213,880000001113,Gen,GEN,Hindu,SBI,80013,SBIN01,img.jpg,25000.00,0.00,25000.00,,8th,C,25000.00
C814,"Lata M",2011-02-18,"Eighteen Feb 11",Female,Dinanath,PhD,Singer,Shevanti,B.A,HW,Indore,9000000214,11014,F214,880000001114,Gen,GEN,Hindu,SBI,80014,SBIN01,img.jpg,25000.00,0.00,25000.00,,8th,C,25000.00
C815,"Manoj Bajpayee",2011-03-12,"Twelve Mar 11",Male,Radhakant,B.A,Artist,Sushila,B.A,HW,Indore,9000000215,11015,F215,880000001115,Gen,GEN,Hindu,SBI,80015,SBIN01,img.jpg,25000.00,0.00,25000.00,,8th,C,25000.00
C816,"Nora Fatehi",2011-04-08,"Eight Apr 11",Female,Fateh,Graduate,Artist,Meena,Graduate,HW,Indore,9000000216,11016,F216,880000001116,Gen,GEN,Muslim,SBI,80016,SBIN01,img.jpg,25000.00,0.00,25000.00,,8th,D,25000.00
C817,"Om Vaidya",2011-05-22,"Twenty Two May 11",Male,Vaidya,B.A,Biz,Maya,B.A,HW,Indore,9000000217,11017,F217,880000001117,Gen,GEN,Hindu,SBI,80017,SBIN01,img.jpg,25000.00,0.00,25000.00,,8th,D,25000.00
C818,"Pankaj Tripathi",2011-06-14,"Fourteen June 11",Male,Pandit,Graduate,Artist,Mridula,Graduate,HW,Indore,9000000218,11018,F218,880000001118,Gen,GEN,Hindu,SBI,80018,SBIN01,img.jpg,25000.00,0.00,25000.00,,8th,D,25000.00
C819,"Queen E",2011-07-28,"Twenty Eight July 11",Female,George,Graduate,Biz,Mary,Graduate,HW,Indore,9000000219,11019,F219,880000001119,Gen,GEN,Christian,SBI,80019,SBIN01,img.jpg,25000.00,0.00,25000.00,,8th,D,25000.00
C820,"Ranveer Singh",2011-08-01,"One Aug 11",Male,Jagjit,Graduate,Artist,Anju,Graduate,HW,Indore,9000000220,11020,F220,880000001120,Gen,GEN,Hindu,SBI,80020,SBIN01,img.jpg,25000.00,0.00,25000.00,,8th,D,25000.00
LKG01,"Aaryan Khan",2020-01-15,"Fifteen Jan 20",Male,Shahrukh,Graduate,Business,Gauri,Graduate,HW,Indore,9000000021,2001,F21,222200002101,Gen,GEN,Muslim,HDFC,20001,HDFC01,img.jpg,16000.00,0.00,16000.00,,LKG,A,16000.00
LKG02,"Anvi Sharma",2020-02-20,"Twenty Feb 20",Female,Rahul,MBA,Job,Priya,B.Com,Teacher,Indore,9000000022,2002,F22,222200002102,Gen,GEN,Hindu,SBI,20002,SBIN01,img.jpg,16000.00,0.00,16000.00,,LKG,A,16000.00
LKG03,"Arnav Singh",2020-03-25,"Twenty Five Mar 20",Male,Vikram,B.Sc,Farmer,Sita,12th,HW,Indore,9000000023,2003,F23,222200002103,OBC,OBC,Hindu,BOI,20003,BKID01,img.jpg,16000.00,0.00,16000.00,,LKG,A,16000.00
LKG04,"Bhavya Jain",2020-04-10,"Ten April 20",Female,Sumit,M.Com,Biz,Rina,B.A,HW,Indore,9000000024,2004,F24,222200002104,Gen,GEN,Jain,Axis,20004,UTIB01,img.jpg,16000.00,0.00,16000.00,,LKG,A,16000.00
LKG05,"Chaitanya Pal",2020-05-05,"Five May 20",Male,Manoj,10th,Driver,Kiran,8th,HW,Indore,9000000025,2005,F25,222200002105,SC,SC,Hindu,PNB,20005,PUNB01,img.jpg,16000.00,0.00,16000.00,,LKG,A,16000.00
LKG06,"Daksh Gupta",2020-06-12,"Twelve June 20",Male,Amit,B.A,Shop,Ritu,B.A,HW,Indore,9000000026,2006,F26,222200002106,Gen,GEN,Hindu,SBI,20006,SBIN01,img.jpg,16000.00,0.00,16000.00,,LKG,B,16000.00
LKG07,"Esha Mehra",2020-07-18,"Eighteen July 20",Female,Aman,M.A,Job,Sana,B.A,HW,Indore,9000000027,2007,F27,222200002107,Gen,GEN,Hindu,SBI,20007,SBIN01,img.jpg,16000.00,0.00,16000.00,,LKG,B,16000.00
LKG08,"Falguni Das",2020-08-22,"Twenty Two Aug 20",Female,Joy,B.Sc,Biz,Priya,B.A,HW,Indore,9000000028,2008,F28,222200002108,SC,SC,Hindu,BOB,20008,BARB01,img.jpg,16000.00,0.00,16000.00,,LKG,B,16000.00
LKG09,"Gaurav Joshi",2020-09-30,"Thirty Sept 20",Male,Deepak,PhD,Prof,Meena,M.A,Teacher,Indore,9000000029,2009,F29,222200002109,Gen,GEN,Hindu,SBI,20009,SBIN01,img.jpg,16000.00,0.00,16000.00,,LKG,B,16000.00
LKG10,"Harshita Sen",2020-10-05,"Five Oct 20",Female,Raj,B.A,Biz,Riya,B.A,HW,Indore,9000000030,2010,F30,222200002110,Gen,GEN,Hindu,HDFC,20010,HDFC01,img.jpg,16000.00,0.00,16000.00,,LKG,B,16000.00
LKG11,"Ishaan Goel",2020-11-11,"Eleven Nov 20",Male,Vikas,M.Tech,Job,Anu,B.Tech,Job,Indore,9000000031,2011,F31,222200002111,Gen,GEN,Hindu,SBI,20011,SBIN01,img.jpg,16000.00,0.00,16000.00,,LKG,C,16000.00
LKG12,"Jiya Bansal",2020-12-12,"Twelve Dec 20",Female,Rahul,B.Com,Biz,Kavita,B.A,HW,Indore,9000000032,2012,F32,222200002112,Gen,GEN,Hindu,SBI,20012,SBIN01,img.jpg,16000.00,0.00,16000.00,,LKG,C,16000.00
LKG13,"Kunal Pathak",2020-01-20,"Twenty Jan 20",Male,Nitin,B.A,Job,Gauri,B.A,HW,Indore,9000000033,2013,F33,222200002113,Gen,GEN,Hindu,SBI,20013,SBIN01,img.jpg,16000.00,0.00,16000.00,,LKG,C,16000.00
LKG14,"Lekha Mishra",2020-02-15,"Fifteen Feb 20",Female,Gopal,M.A,Pujari,Radha,B.A,HW,Indore,9000000034,2014,F34,222200002114,Gen,GEN,Hindu,SBI,20014,SBIN01,img.jpg,16000.00,0.00,16000.00,,LKG,C,16000.00
LKG15,"Manan Jain",2020-03-10,"Ten Mar 20",Male,Harish,B.A,Biz,Maya,B.A,HW,Indore,9000000035,2015,F35,222200002115,Gen,GEN,Jain,SBI,20015,SBIN01,img.jpg,16000.00,0.00,16000.00,,LKG,C,16000.00
LKG16,"Navya Saxena",2020-04-05,"Five April 20",Female,Sumit,B.A,Biz,Rina,B.A,HW,Indore,9000000036,2016,F36,222200002116,Gen,GEN,Hindu,SBI,20016,SBIN01,img.jpg,16000.00,0.00,16000.00,,LKG,D,16000.00
LKG17,"Ojas Yadav",2020-05-20,"Twenty May 20",Male,Karan,B.A,Farmer,Lata,8th,HW,Indore,9000000037,2017,F37,222200002117,OBC,OBC,Hindu,BOI,20017,BKID01,img.jpg,16000.00,0.00,16000.00,,LKG,D,16000.00
LKG18,"Prisha Ali",2020-06-25,"Twenty Five June 20",Female,Saif,B.A,Biz,Amrita,B.A,HW,Indore,9000000038,2018,F38,222200002118,Gen,GEN,Muslim,SBI,20018,SBIN01,img.jpg,16000.00,0.00,16000.00,,LKG,D,16000.00
LKG19,"Qasim Khan",2020-07-30,"Thirty July 20",Male,Irphan,B.A,Driver,Saba,B.A,HW,Indore,9000000039,2019,F39,222200002119,Gen,GEN,Muslim,SBI,20019,SBIN01,img.jpg,16000.00,0.00,16000.00,,LKG,D,16000.00
LKG20,"Riya Goel",2020-08-05,"Five Aug 20",Female,Vikas,B.A,Job,Anu,B.A,HW,Indore,9000000040,2020,F40,222200002120,Gen,GEN,Hindu,SBI,20020,SBIN01,img.jpg,16000.00,0.00,16000.00,,LKG,D,16000.00
NUR01,"Aarav Sharma",2021-05-10,"Ten May 21",Male,Rajesh,B.A,Business,Suman,B.A,HW,Indore,9000000001,1001,F01,111100001101,Gen,GEN,Hindu,SBI,10001,SBIN01,img.jpg,15000.00,0.00,15000.00,,Nursery,A,15000.00
NUR02,"Ishani Verma",2021-06-12,"Twelve June 21",Female,Sunil,B.A,Business,Pooja,B.A,HW,Indore,9000000002,1002,F02,111100001102,Gen,GEN,Hindu,SBI,10002,SBIN01,img.jpg,15000.00,0.00,15000.00,,Nursery,A,15000.00
NUR03,"Vihaan Gupta",2021-07-15,"Fifteen July 21",Male,Amit,B.A,Shop,Ritu,B.A,HW,Indore,9000000003,1003,F03,111100001103,OBC,OBC,Hindu,BOI,10003,BKID01,img.jpg,15000.00,0.00,15000.00,,Nursery,A,15000.00
NUR04,"Anaya Singh",2021-08-20,"Twenty Aug 21",Female,Vikram,B.A,Farmer,Sita,B.A,HW,Indore,9000000004,1004,F04,111100001104,SC,SC,Hindu,PNB,10004,PUNB01,img.jpg,15000.00,0.00,15000.00,,Nursery,A,15000.00
NUR05,"Kabir Das",2021-01-10,"Ten Jan 21",Male,Prakash,B.A,Job,Laxmi,B.A,HW,Indore,9000000005,1005,F05,111100001105,Gen,GEN,Hindu,SBI,10005,SBIN01,img.jpg,15000.00,0.00,15000.00,,Nursery,A,15000.00
NUR06,"Myra Kapoor",2021-02-14,"Fourteen Feb 21",Female,Sanjay,B.A,Biz,Neha,B.A,HW,Indore,9000000006,1006,F06,111100001106,Gen,GEN,Sikh,ICICI,10006,ICIC01,img.jpg,15000.00,0.00,15000.00,,Nursery,B,15000.00
NUR07,"Arjun Reddy",2021-03-20,"Twenty March 21",Male,Prakash,B.A,Job,Laxmi,B.A,HW,Indore,9000000007,1007,F07,111100001107,OBC,OBC,Hindu,Axis,10007,UTIB01,img.jpg,15000.00,0.00,15000.00,,Nursery,B,15000.00
NUR08,"Zoya Khan",2021-04-25,"Twenty Five April 21",Female,Aslam,B.A,Driver,Salma,B.A,HW,Indore,9000000008,1008,F08,111100001108,Gen,GEN,Muslim,CBI,10008,CBIN01,img.jpg,15000.00,0.00,15000.00,,Nursery,B,15000.00
NUR09,"Rohan Joshi",2021-05-30,"Thirty May 21",Male,Deepak,B.A,Job,Meena,B.A,HW,Indore,9000000009,1009,F09,111100001109,Gen,GEN,Hindu,BOB,10009,BARB01,img.jpg,15000.00,0.00,15000.00,,Nursery,B,15000.00
NUR10,"Aditya Das",2021-06-05,"Five June 21",Male,Manoj,B.A,Job,Kiran,B.A,HW,Indore,9000000010,1010,F10,111100001110,SC,SC,Hindu,SBI,10010,SBIN01,img.jpg,15000.00,0.00,15000.00,,Nursery,B,15000.00
NUR11,"Kiara Sen",2021-07-07,"Seven July 21",Female,Raj,B.A,Biz,Riya,B.A,HW,Indore,9000000011,1011,F11,111100001111,Gen,GEN,Hindu,SBI,10011,SBIN01,img.jpg,15000.00,0.00,15000.00,,Nursery,C,15000.00
NUR12,"Reyansh Bose",2021-08-08,"Eight Aug 21",Male,Joy,B.A,Biz,Priya,B.A,HW,Indore,9000000012,1012,F12,111100001112,Gen,GEN,Hindu,SBI,10012,SBIN01,img.jpg,15000.00,0.00,15000.00,,Nursery,C,15000.00
NUR13,"Diya Mehra",2021-09-09,"Nine Sept 21",Female,Aman,B.A,Biz,Sana,B.A,HW,Indore,9000000013,1013,F13,111100001113,Gen,GEN,Hindu,SBI,10013,SBIN01,img.jpg,15000.00,0.00,15000.00,,Nursery,C,15000.00
NUR14,"Aryan Goel",2021-10-10,"Ten Oct 21",Male,Vikas,B.A,Biz,Anu,B.A,HW,Indore,9000000014,1014,F14,111100001114,Gen,GEN,Hindu,SBI,10014,SBIN01,img.jpg,15000.00,0.00,15000.00,,Nursery,C,15000.00
NUR15,"Pari Bansal",2021-11-11,"Eleven Nov 21",Female,Rahul,B.A,Biz,Kavita,B.A,HW,Indore,9000000015,1015,F15,111100001115,Gen,GEN,Hindu,SBI,10015,SBIN01,img.jpg,15000.00,0.00,15000.00,,Nursery,C,15000.00
NUR16,"Vivaan Jain",2021-12-12,"Twelve Dec 21",Male,Sumit,B.A,Biz,Rina,B.A,HW,Indore,9000000016,1016,F16,111100001116,Gen,GEN,Jain,SBI,10016,SBIN01,img.jpg,15000.00,0.00,15000.00,,Nursery,D,15000.00
NUR17,"Avni Saxena",2021-01-20,"Twenty Jan 21",Female,Harish,B.A,Biz,Maya,B.A,HW,Indore,9000000017,1017,F17,111100001117,Gen,GEN,Hindu,SBI,10017,SBIN01,img.jpg,15000.00,0.00,15000.00,,Nursery,D,15000.00
NUR18,"Ayaan Pathak",2021-02-22,"Twenty Two Feb 21",Male,Nitin,B.A,Biz,Gauri,B.A,HW,Indore,9000000018,1018,F18,111100001118,Gen,GEN,Hindu,SBI,10018,SBIN01,img.jpg,15000.00,0.00,15000.00,,Nursery,D,15000.00
NUR19,"Sara Ali",2021-03-25,"Twenty Five Mar 21",Female,Saif,B.A,Biz,Amrita,B.A,HW,Indore,9000000019,1019,F19,111100001119,Gen,GEN,Muslim,SBI,10019,SBIN01,img.jpg,15000.00,0.00,15000.00,,Nursery,D,15000.00
NUR20,"Advik Mishra",2021-04-30,"Thirty April 21",Male,Gopal,B.A,Biz,Radha,B.A,HW,Indore,9000000020,1020,F20,111100001120,Gen,GEN,Hindu,SBI,10020,SBIN01,img.jpg,15000.00,0.00,15000.00,,Nursery,D,15000.00
UKG01,"Samaira Jha",2019-01-10,"Ten Jan 19",Female,Manoj,B.Sc,Teacher,Ritu,B.A,HW,Indore,9000000041,3001,F41,333300003101,Gen,GEN,Hindu,SBI,30001,SBIN01,img.jpg,17000.00,0.00,17000.00,,UKG,A,17000.00
UKG02,"Tushar Malviya",2019-02-15,"Fifteen Feb 19",Male,Amit,12th,Biz,Pooja,12th,HW,Indore,9000000042,3002,F42,333300003102,OBC,OBC,Hindu,HDFC,30002,HDFC01,img.jpg,17000.00,0.00,17000.00,,UKG,A,17000.00
UKG03,"Urvashi Rautela",2019-03-20,"Twenty Mar 19",Female,Sunil,B.A,Job,Maya,B.A,HW,Indore,9000000043,3003,F43,333300003103,Gen,GEN,Hindu,BOI,30003,BKID01,img.jpg,17000.00,0.00,17000.00,,UKG,A,17000.00
UKG04,"Varun Dhawan",2019-04-25,"Twenty Five Apr 19",Male,David,Graduate,Director,Kiran,Graduate,HW,Indore,9000000044,3004,F44,333300003104,Gen,GEN,Hindu,Axis,30004,UTIB01,img.jpg,17000.00,0.00,17000.00,,UKG,A,17000.00
UKG05,"Wanika Iyer",2019-05-30,"Thirty May 19",Female,Ram,M.A,Prof,Laxmi,B.A,HW,Indore,9000000045,3005,F45,333300003105,Gen,GEN,Hindu,PNB,30005,PUNB01,img.jpg,17000.00,0.00,17000.00,,UKG,A,17000.00
UKG06,"Xavier Ghori",2019-06-05,"Five June 19",Male,Aslam,8th,Driver,Salma,5th,HW,Indore,9000000046,3006,F46,333300003106,Gen,GEN,Muslim,CBI,30006,CBIN01,img.jpg,17000.00,0.00,17000.00,,UKG,B,17000.00
UKG07,"Yashaswi Jaiswal",2019-07-10,"Ten July 19",Male,Bhupesh,B.Com,Cricketer,Meena,B.Com,HW,Indore,9000000047,3007,F47,333300003107,OBC,OBC,Hindu,BOB,30007,BARB01,img.jpg,17000.00,0.00,17000.00,,UKG,B,17000.00
UKG08,"Ziva Dhoni",2019-08-15,"Fifteen Aug 19",Female,Mahendra,B.Com,Sports,Sakshi,B.A,HW,Indore,9000000048,3008,F48,333300003108,Gen,GEN,Hindu,SBI,30008,SBIN01,img.jpg,17000.00,0.00,17000.00,,UKG,B,17000.00
UKG09,"Abir Chatterjee",2019-09-20,"Twenty Sept 19",Male,Subrata,M.A,Job,Rina,M.A,Teacher,Indore,9000000049,3009,F49,333300003109,Gen,GEN,Hindu,SBI,30009,SBIN01,img.jpg,17000.00,0.00,17000.00,,UKG,B,17000.00
UKG10,"Bhavini Purohit",2019-10-25,"Twenty Five Oct 19",Female,Karan,B.Tech,IT,Nisha,B.A,HW,Indore,9000000050,3010,F50,333300003110,Gen,GEN,Hindu,SBI,30010,SBIN01,img.jpg,17000.00,0.00,17000.00,,UKG,B,17000.00
UKG11,"Chirag Paswan",2019-11-30,"Thirty Nov 19",Male,"Ram Vilas",M.A,Leader,Sushma,B.A,HW,Indore,9000000051,3011,F51,333300003111,SC,SC,Hindu,SBI,30011,SBIN01,img.jpg,17000.00,0.00,17000.00,,UKG,C,17000.00
UKG12,"Drishti Dhami",2019-12-05,"Five Dec 19",Female,Vikas,B.A,Job,Anu,B.A,HW,Indore,9000000052,3012,F52,333300003112,Gen,GEN,Hindu,SBI,30012,SBIN01,img.jpg,17000.00,0.00,17000.00,,UKG,C,17000.00
UKG13,"Eklavya Bhatt",2019-01-22,"Twenty Two Jan 19",Male,Nitin,B.A,Shop,Gauri,B.A,HW,Indore,9000000053,3013,F53,333300003113,Gen,GEN,Hindu,SBI,30013,SBIN01,img.jpg,17000.00,0.00,17000.00,,UKG,C,17000.00
UKG14,"Falak Naaz",2019-02-18,"Eighteen Feb 19",Female,Manoj,B.A,Job,Kiran,B.A,HW,Indore,9000000054,3014,F54,333300003114,Gen,GEN,Muslim,SBI,30014,SBIN01,img.jpg,17000.00,0.00,17000.00,,UKG,C,17000.00
UKG15,"Gautam Rode",2019-03-12,"Twelve Mar 19",Male,Sumit,B.A,Biz,Maya,B.A,HW,Indore,9000000055,3015,F55,333300003115,Gen,GEN,Hindu,SBI,30015,SBIN01,img.jpg,17000.00,0.00,17000.00,,UKG,C,17000.00
UKG16,"Hina Khan",2019-04-08,"Eight Apr 19",Female,Aslam,Graduate,Job,Rina,Graduate,HW,Indore,9000000056,3016,F56,333300003116,Gen,GEN,Muslim,SBI,30016,SBIN01,img.jpg,17000.00,0.00,17000.00,,UKG,D,17000.00
UKG17,"Inder Kumar",2019-05-22,"Twenty Two May 19",Male,Deepak,B.A,Farmer,Lata,B.A,HW,Indore,9000000057,3017,F57,333300003117,OBC,OBC,Hindu,SBI,30017,SBIN01,img.jpg,17000.00,0.00,17000.00,,UKG,D,17000.00
UKG18,"Jhanvi Kapoor",2019-06-14,"Fourteen June 19",Female,Boney,Graduate,Biz,Sridevi,Graduate,HW,Indore,9000000058,3018,F58,333300003118,Gen,GEN,Hindu,SBI,30018,SBIN01,img.jpg,17000.00,0.00,17000.00,,UKG,D,17000.00
UKG19,"Kunal Khemu",2019-07-28,"Twenty Eight July 19",Male,Ravi,B.A,Job,Priya,B.A,HW,Indore,9000000059,3019,F59,333300003119,Gen,GEN,Hindu,SBI,30019,SBIN01,img.jpg,17000.00,0.00,17000.00,,UKG,D,17000.00
UKG20,"Lata Mangeshkar",2019-08-01,"One Aug 19",Female,Dinanath,PhD,Singer,Shevanti,B.A,HW,Indore,9000000060,3020,F60,333300003120,Gen,GEN,Hindu,SBI,30020,SBIN01,img.jpg,17000.00,0.00,17000.00,,UKG,D,17000.00
